--@Vencimiento dosis
INSERT INTO VENCIMIENTO_DOSIS(LOTE, FECHAVENCIMIENTO)
VALUES ('A1',TO_DATE('1/1/2022','DD/MM/YYYY'));

--@Vacuna
INSERT INTO VACUNA(ID,NOMBRE,REQUERIMIENTOSDEALMACENAMIENTO)
VALUES (1,'AstraZeneca','Cada dosis debe manetenerse entre +2°C y +8°C');

--@Vacunacion
INSERT INTO VACUNACION(ID, DOSIS_TOTALES,DOSIS_APLICADAS,DOSIS_PERDIDAS)
VALUES (1,20,10,0);

--@Numero Dosis Vacuna
INSERT INTO NUMERO_DOSIS_VACUNA (ID, NUMERODOSIS)
VALUES (1,2);

--@Restriccion
INSERT INTO RESTRICCIONES(ID,DESCRIPCION,IDVACUNA)
    VALUES (1,'No se le debe aplicar a menores de 18 años',1);

INSERT INTO RESTRICCIONES(ID,DESCRIPCION,IDVACUNA)
VALUES (2,'No se debe aplicar si hay alergia a alguno de los componentes',1);

--@Etapa
--RF1 REGISTRAR LAS CONDICIONES DE PRIORIZACIÓN PARA LA VACUNACIÓN
INSERT INTO ETAPA (ID,FASE,DESCRIPCION,EDAD_MINIMA,EDAD_MAXIMA,IDVACUNACION)
VALUES (1, 1, 'Ciudadanos de 80 años y más. Profesionales de la salud, Fuerzas Militares,
    Policía Nacional que trabajen en salud y en contacto con pacientes con COVID-19',80,120,1);
    
INSERT INTO ETAPA (ID,FASE,DESCRIPCION,EDAD_MINIMA,EDAD_MAXIMA,IDVACUNACION)
VALUES (2, 1,'Ciudadanos entre 60 y 79 años. Profesionales de salud no incluidos en la etapa 1.',60,79,1);

INSERT INTO ETAPA (ID,FASE,DESCRIPCION,EDAD_MINIMA,EDAD_MAXIMA,IDVACUNACION)
VALUES (3, 1,'Ciudadanos entre 16 y 59 años con enfermedades crónicas. Docentes y profesionales que trabajen con cadáveres',16,59,1);

INSERT INTO ETAPA (ID,FASE,DESCRIPCION,EDAD_MINIMA,EDAD_MAXIMA,IDVACUNACION)
VALUES (4, 2,'Ciudadanos entre 16 y 59 años. Población carcelaria, bomberos, socorristas y profesionales de tránsito aéreo',16,59,1);

INSERT INTO ETAPA (ID,FASE,DESCRIPCION,EDAD_MINIMA,EDAD_MAXIMA,IDVACUNACION)
VALUES (5, 2,' Ciudadanos entre 16 y 59 años que no estén incluídos en las otras etapas',16,59,1);

UPDATE VACUNACION
SET IDETAPA_ACTUAL=1
WHERE ID=1;

--@Oficina EPS Regional
-- RF3 - REGISTRAR UNA OFICINA DE EPS REGIONAL
INSERT INTO OFICINA_EPS_REGIONAL (ID,NOMBRE,NIT,REGION,DIRECCION,NUMERO_CONTACTO,CIUDAD,IDVACUNACION)
VALUES (1,'Compensar Sede Bogotá','ABC123','Bogotá D.C.','Calle 1 #1-1', '300111111', 'Bogotá',1);

--@Funcionarios
--RF4 - REGISTRAR USUARIO DE VACUANDES
INSERT INTO FUNCIONARIOS (ID, CORREO, ID_VACUNACION)
VALUES (1,'amanda@gmail.com',1);

INSERT INTO FUNCIONARIOS (ID, CORREO, ID_VACUNACION)
VALUES (2,'bilbo@gmail.com',1);

INSERT INTO FUNCIONARIOS (ID, CORREO, ID_VACUNACION)
VALUES (3,'carlos@gmail.com',1);

INSERT INTO FUNCIONARIOS (ID, CORREO, ID_VACUNACION)
VALUES (4,'dario@gmail.com',1);

INSERT INTO FUNCIONARIOS (ID, CORREO, ID_VACUNACION)
VALUES (5,'bradpitt@gmail.com',1);

INSERT INTO FUNCIONARIOS (ID, CORREO, ID_VACUNACION)
VALUES (6,'jbalvin@gmail.com',1);

--@Profesion
INSERT INTO PROFESION (ID,DESCRIPCION,IDETAPA)
VALUES (1,'Profesional en salud (contacto con COVID-19)',1);

INSERT INTO PROFESION (ID,DESCRIPCION,IDETAPA)
VALUES (2,'Fuerzas militares y policia',1);

INSERT INTO PROFESION (ID,DESCRIPCION,IDETAPA)
VALUES (3,'Profesional en salud (sin contacto con COVID-19)',2);

INSERT INTO PROFESION (ID,DESCRIPCION,IDETAPA)
VALUES (4,'Docentes',3);

INSERT INTO PROFESION (ID,DESCRIPCION,IDETAPA)
VALUES (5,'Personal que trabaja con cadaveres',3);

INSERT INTO PROFESION (ID,DESCRIPCION,IDETAPA)
VALUES (6,'Población carcelaria',4);

INSERT INTO PROFESION (ID,DESCRIPCION,IDETAPA)
VALUES (7,'Bomberos y socorristas',4);

INSERT INTO PROFESION (ID,DESCRIPCION,IDETAPA)
VALUES (8,'Profesionales tránsito aéreo',4);

INSERT INTO PROFESION (ID,DESCRIPCION,IDETAPA)
VALUES (9,'Otros',5);

--@Estado salud
INSERT INTO ESTADO_DE_SALUD (ID,DESCRIPCION,IDETAPA)
VALUES (1,'Enfermedades hipertensivas',3);

INSERT INTO ESTADO_DE_SALUD (ID,DESCRIPCION,IDETAPA)
VALUES (2,'Diabetes',3);

INSERT INTO ESTADO_DE_SALUD (ID,DESCRIPCION,IDETAPA)
VALUES (3,'Insuficiencia renal',3);

INSERT INTO ESTADO_DE_SALUD (ID,DESCRIPCION,IDETAPA)
VALUES (4,'VIH',3);

INSERT INTO ESTADO_DE_SALUD (ID,DESCRIPCION,IDETAPA)
VALUES (5,'Cancer',3);

INSERT INTO ESTADO_DE_SALUD (ID,DESCRIPCION,IDETAPA)
VALUES (6,'Tuberculosis',3);

INSERT INTO ESTADO_DE_SALUD (ID,DESCRIPCION,IDETAPA)
VALUES (7,'EPOC',3);

INSERT INTO ESTADO_DE_SALUD (ID,DESCRIPCION,IDETAPA)
VALUES (8,'Asma',3);

INSERT INTO ESTADO_DE_SALUD (ID,DESCRIPCION,IDETAPA)
VALUES (9,'Obesidad',3);

INSERT INTO ESTADO_DE_SALUD (ID,DESCRIPCION,IDETAPA)
VALUES (10,'Pacientes en espera de transplantes',3);

INSERT INTO ESTADO_DE_SALUD (ID,DESCRIPCION,IDETAPA)
VALUES (11,'Otros/Sin comorbilidad',5);

--@Punto Vacunación
INSERT INTO PUNTO_VACUNACION (ID, LOCALIZACION, CUPOMAXIMO, MAXCIUDADANOSPORDIA, TOTALVACUNADOS, INFRAESTRUCTURAALMACENAMIENTO, 
                                CAPACIDADALMACENAMIENTODOSIS, IDEPSREGIONAL)
VALUES (1,'Bogotá', 1000, 500, 150, 1, 2000, 1);

INSERT INTO PUNTO_VACUNACION
VALUES (2,'Bogotá', 300, 200, 130, 1, 2000, 1);

--@Contrasena Funcionarios
INSERT INTO CONTRASENA_FUNCIONARIOS (ID_FUNCIONARIO, CONTRASENA)
VALUES (1, '12345678');

INSERT INTO CONTRASENA_FUNCIONARIOS (ID_FUNCIONARIO, CONTRASENA)
VALUES (2, '87654321');

INSERT INTO CONTRASENA_FUNCIONARIOS (ID_FUNCIONARIO, CONTRASENA)
VALUES (3, 'theproest');

INSERT INTO CONTRASENA_FUNCIONARIOS (ID_FUNCIONARIO, CONTRASENA)
VALUES (4, 'migataginger');

--@Admin Plan Vacunacion
INSERT INTO ADMIN_PLAN_VACUNACION (ID_PLAN_VACUNACION, ID_FUNCIONARIO)
VALUES (1, 1);

--@Admin EPS
INSERT INTO ADMIN_EPS (ID_FUNCIONARIO, ID_OFICINA_EPS)
VALUES (2, 1);


--@Admin Punto Vacunacion
INSERT INTO ADMIN_PUNTO_VACUNACION (ID_FUNCIONARIO, ID_PUNTO_VACUNACION)
VALUES (3, 1);

INSERT INTO ADMIN_PUNTO_VACUNACION (ID_FUNCIONARIO, ID_PUNTO_VACUNACION)
VALUES (4, 2);

--@Operador Punto Vacunación
INSERT INTO OPERADOR_PUNTO_VACUNACION (ID_FUNCIONARIO, ID_PUNTO_VACUNACION)
VALUES (5, 1);

INSERT INTO OPERADOR_PUNTO_VACUNACION (ID_FUNCIONARIO, ID_PUNTO_VACUNACION)
VALUES (6, 2);

--@Ciudadano
INSERT INTO CIUDADANOS (ID,NOMBRE,DOCUMENTO,ESTADO_ACTUAL,FECHA_NACIMIENTO,DIRECCION,CIUDAD,NUMERO_CONTACTO,
    IDVACUNACION,IDOFICINA_EPS,IDPUNTO_VACUNACION,IDPROFESION,IDESTADO_SALUD,IDETAPA)
VALUES (1, 'Amanda Ortega', '70485823', 1, '03/04/1960', 'Cra 56 # 34 - 21', 'Bogotá', '3109287623', 1, 1, 1, 3, 11, 1);

INSERT INTO CIUDADANOS
VALUES (2, 'Bilbo Bolsón', '70485824', 1, '11/04/1950', 'Cra 23 # 12 - 56', 'Bogotá', '3129587823', 1, 1, 1, 3, 11, 1);

INSERT INTO CIUDADANOS 
VALUES (3, 'Carlos Figueredo', '1006748294', 1, '05/1/2000', 'Cra 11 # 2 - 33', 'Bogotá', '3107622615', 1, 1, 1, 3, 11, 1);

INSERT INTO CIUDADANOS 
VALUES (4, 'Darío Gómez', '45736451', 1, '11/04/1950', 'Cra 23 # 12 - 56', 'Bogotá', '3129587823', 1, 1, 1, 3, 11, 1);

INSERT INTO CIUDADANOS 
VALUES (5, 'Brad Pitt', '1005746362', 1, '11/04/1950', 'Cra 23 # 12 - 56', 'Bogotá', '3129587823', 1, 1, 1, 3, 11, 1);

INSERT INTO CIUDADANOS 
VALUES (6, 'Julio Balvin', '56748283', 1, '11/04/1950', 'Cra 23 # 12 - 56', 'Bogotá', '3129587823', 1, 1, 1, 3, 11, 1);

INSERT INTO CIUDADANOS 
VALUES (7, 'Mario Bros', '30495867', 1, '11/04/1950', 'Cra 23 # 12 - 56', 'Bogotá', '3129587823', 1, 1, 1, 3, 7, 1);

INSERT INTO CIUDADANOS 
VALUES (8, 'Luigi Bros', '58472961', 1, '11/04/1950', 'Cra 23 # 12 - 56', 'Bogotá', '3129587823', 1, 1, 1, 3, 5, 1);

INSERT INTO CIUDADANOS 
VALUES (9, 'Barack Obama', '12932049', 1, '11/04/1950', 'Cra 23 # 12 - 56', 'Bogotá', '3129587823', 1, 1, 1, 6, 2, 1);

INSERT INTO CIUDADANOS 
VALUES (10, 'Antonio Banderas', '1234567890', 1, '11/04/1950', 'Cra 23 # 12 - 56', 'Bogotá', '3129587823', 1, 1, 1, 7, 1, 1);

--@Dosis
INSERT INTO DOSIS (ID,LOTE,IDCIUDADANO,IDOFICINAEPSREGIONAL,IDPUNTOVACUNACION,IDVACUNA,DISPONIBLE)
VALUES (1,'A1',1,1,1,1,1);

INSERT INTO DOSIS (ID,LOTE,IDCIUDADANO,IDOFICINAEPSREGIONAL,IDPUNTOVACUNACION,IDVACUNA,DISPONIBLE)
VALUES (2,'A1',2,1,2,1,1);

INSERT INTO DOSIS (ID,LOTE,IDCIUDADANO,IDOFICINAEPSREGIONAL,IDPUNTOVACUNACION,IDVACUNA,DISPONIBLE)
VALUES (3,'A1',3,1,1,1,1);

INSERT INTO DOSIS (ID,LOTE,IDCIUDADANO,IDOFICINAEPSREGIONAL,IDPUNTOVACUNACION,IDVACUNA,DISPONIBLE)
VALUES (4,'A1',4,1,2,1,1);

INSERT INTO DOSIS (ID,LOTE,IDCIUDADANO,IDOFICINAEPSREGIONAL,IDPUNTOVACUNACION,IDVACUNA,DISPONIBLE)
VALUES (5,'A1',5,1,1,1,1);

INSERT INTO DOSIS (ID,LOTE,IDCIUDADANO,IDOFICINAEPSREGIONAL,IDPUNTOVACUNACION,IDVACUNA,DISPONIBLE)
VALUES (6,'A1',6,1,2,1,1);

INSERT INTO DOSIS (ID,LOTE,IDCIUDADANO,IDOFICINAEPSREGIONAL,IDPUNTOVACUNACION,IDVACUNA,DISPONIBLE)
VALUES (7,'A1',7,1,1,1,1);

INSERT INTO DOSIS (ID,LOTE,IDCIUDADANO,IDOFICINAEPSREGIONAL,IDPUNTOVACUNACION,IDVACUNA,DISPONIBLE)
VALUES (8,'A1',8,1,2,1,1);

INSERT INTO DOSIS (ID,LOTE,IDCIUDADANO,IDOFICINAEPSREGIONAL,IDPUNTOVACUNACION,IDVACUNA,DISPONIBLE)
VALUES (9,'A1',9,1,1,1,1);

INSERT INTO DOSIS (ID,LOTE,IDCIUDADANO,IDOFICINAEPSREGIONAL,IDPUNTOVACUNACION,IDVACUNA,DISPONIBLE)
VALUES (10,'A1',10,1,2,1,1);

INSERT INTO DOSIS (ID,LOTE,IDCIUDADANO,IDOFICINAEPSREGIONAL,IDPUNTOVACUNACION,IDVACUNA,DISPONIBLE)
VALUES (11,'A1',1,1,1,1,1);

INSERT INTO DOSIS (ID,LOTE,IDCIUDADANO,IDOFICINAEPSREGIONAL,IDPUNTOVACUNACION,IDVACUNA,DISPONIBLE)
VALUES (12,'A1',2,1,2,1,1);

INSERT INTO DOSIS (ID,LOTE,IDCIUDADANO,IDOFICINAEPSREGIONAL,IDPUNTOVACUNACION,IDVACUNA,DISPONIBLE)
VALUES (13,'A1',3,1,1,1,1);

INSERT INTO DOSIS (ID,LOTE,IDCIUDADANO,IDOFICINAEPSREGIONAL,IDPUNTOVACUNACION,IDVACUNA,DISPONIBLE)
VALUES (14,'A1',4,1,2,1,1);

INSERT INTO DOSIS (ID,LOTE,IDCIUDADANO,IDOFICINAEPSREGIONAL,IDPUNTOVACUNACION,IDVACUNA,DISPONIBLE)
VALUES (15,'A1',5,1,1,1,1);

INSERT INTO DOSIS (ID,LOTE,IDCIUDADANO,IDOFICINAEPSREGIONAL,IDPUNTOVACUNACION,IDVACUNA,DISPONIBLE)
VALUES (16,'A1',6,1,2,1,1);

INSERT INTO DOSIS (ID,LOTE,IDCIUDADANO,IDOFICINAEPSREGIONAL,IDPUNTOVACUNACION,IDVACUNA,DISPONIBLE)
VALUES (17,'A1',7,1,1,1,1);

INSERT INTO DOSIS (ID,LOTE,IDCIUDADANO,IDOFICINAEPSREGIONAL,IDPUNTOVACUNACION,IDVACUNA,DISPONIBLE)
VALUES (18,'A1',8,1,2,1,1);

INSERT INTO DOSIS (ID,LOTE,IDCIUDADANO,IDOFICINAEPSREGIONAL,IDPUNTOVACUNACION,IDVACUNA,DISPONIBLE)
VALUES (19,'A1',9,1,1,1,1);

INSERT INTO DOSIS (ID,LOTE,IDCIUDADANO,IDOFICINAEPSREGIONAL,IDPUNTOVACUNACION,IDVACUNA,DISPONIBLE)
VALUES (20,'A1',10,1,2,1,1);

--@Citas
INSERT INTO CITAS (ID, FECHAYHORA, DURACIONCITA, ESTADOCITA, IDCIUDADANO, IDPUNTOVACUNACION)
VALUES (1, TO_TIMESTAMP('2021-04-11 06:14:00.0', 'YYYY-MM-DD HH24:MI:SS.FF'),30,'ASISTIDA',1,1);

INSERT INTO CITAS (ID, FECHAYHORA, DURACIONCITA, ESTADOCITA, IDCIUDADANO, IDPUNTOVACUNACION)
VALUES (2, TO_TIMESTAMP('2021-04-11 06:44:00.0', 'YYYY-MM-DD HH24:MI:SS.FF'),30,'ASISTIDA',2,1);

INSERT INTO CITAS (ID, FECHAYHORA, DURACIONCITA, ESTADOCITA, IDCIUDADANO, IDPUNTOVACUNACION)
VALUES (3, TO_TIMESTAMP('2021-04-11 07:14:00.0', 'YYYY-MM-DD HH24:MI:SS.FF'),30,'ASISTIDA',3,1);

INSERT INTO CITAS (ID, FECHAYHORA, DURACIONCITA, ESTADOCITA, IDCIUDADANO, IDPUNTOVACUNACION)
VALUES (4, TO_TIMESTAMP('2021-04-11 07:44:00.0', 'YYYY-MM-DD HH24:MI:SS.FF'),30,'ASISTIDA',4,1);

INSERT INTO CITAS (ID, FECHAYHORA, DURACIONCITA, ESTADOCITA, IDCIUDADANO, IDPUNTOVACUNACION)
VALUES (5, TO_TIMESTAMP('2021-04-11 08:14:00.0', 'YYYY-MM-DD HH24:MI:SS.FF'),30,'ASISTIDA',5,1);

INSERT INTO CITAS (ID, FECHAYHORA, DURACIONCITA, ESTADOCITA, IDCIUDADANO, IDPUNTOVACUNACION)
VALUES (6, TO_TIMESTAMP('2021-04-11 08:44:00.0', 'YYYY-MM-DD HH24:MI:SS.FF'),30,'ASISTIDA',7,1);

INSERT INTO CITAS (ID, FECHAYHORA, DURACIONCITA, ESTADOCITA, IDCIUDADANO, IDPUNTOVACUNACION)
VALUES (7, TO_TIMESTAMP('2021-04-11 09:14:00.0', 'YYYY-MM-DD HH24:MI:SS.FF'),30,'ASISTIDA',8,1);

INSERT INTO CITAS (ID, FECHAYHORA, DURACIONCITA, ESTADOCITA, IDCIUDADANO, IDPUNTOVACUNACION)
VALUES (8, TO_TIMESTAMP('2021-04-11 09:44:00.0', 'YYYY-MM-DD HH24:MI:SS.FF'),30,'ASISTIDA',9,1);

INSERT INTO CITAS (ID, FECHAYHORA, DURACIONCITA, ESTADOCITA, IDCIUDADANO, IDPUNTOVACUNACION)
VALUES (9, TO_TIMESTAMP('2021-04-11 10:14:00.0', 'YYYY-MM-DD HH24:MI:SS.FF'),30,'ASISTIDA',10,1);

INSERT INTO CITAS (ID, FECHAYHORA, DURACIONCITA, ESTADOCITA, IDCIUDADANO, IDPUNTOVACUNACION)
VALUES (10, TO_TIMESTAMP('2021-05-11 10:44:00.0', 'YYYY-MM-DD HH24:MI:SS.FF'),30,'AGENDADA',1,1);

INSERT INTO CITAS (ID, FECHAYHORA, DURACIONCITA, ESTADOCITA, IDCIUDADANO, IDPUNTOVACUNACION)
VALUES (11, TO_TIMESTAMP('2021-07-11 06:14:00.0', 'YYYY-MM-DD HH24:MI:SS.FF'),30,'AGENDADA',2,1);

INSERT INTO CITAS (ID, FECHAYHORA, DURACIONCITA, ESTADOCITA, IDCIUDADANO, IDPUNTOVACUNACION)
VALUES (12, TO_TIMESTAMP('2021-07-11 06:44:00.0', 'YYYY-MM-DD HH24:MI:SS.FF'),30,'AGENDADA',3,1);

INSERT INTO CITAS (ID, FECHAYHORA, DURACIONCITA, ESTADOCITA, IDCIUDADANO, IDPUNTOVACUNACION)
VALUES (13, TO_TIMESTAMP('2021-07-11 07:14:00.0', 'YYYY-MM-DD HH24:MI:SS.FF'),30,'AGENDADA',4,1);

INSERT INTO CITAS (ID, FECHAYHORA, DURACIONCITA, ESTADOCITA, IDCIUDADANO, IDPUNTOVACUNACION)
VALUES (14, TO_TIMESTAMP('2021-07-11 07:44:00.0', 'YYYY-MM-DD HH24:MI:SS.FF'),30,'AGENDADA',5,1);

INSERT INTO CITAS (ID, FECHAYHORA, DURACIONCITA, ESTADOCITA, IDCIUDADANO, IDPUNTOVACUNACION)
VALUES (15, TO_TIMESTAMP('2021-07-11 08:14:00.0', 'YYYY-MM-DD HH24:MI:SS.FF'),30,'AGENDADA',6,1);

INSERT INTO CITAS (ID, FECHAYHORA, DURACIONCITA, ESTADOCITA, IDCIUDADANO, IDPUNTOVACUNACION)
VALUES (16, TO_TIMESTAMP('2021-07-11 08:44:00.0', 'YYYY-MM-DD HH24:MI:SS.FF'),30,'AGENDADA',7,1);

INSERT INTO CITAS (ID, FECHAYHORA, DURACIONCITA, ESTADOCITA, IDCIUDADANO, IDPUNTOVACUNACION)
VALUES (17, TO_TIMESTAMP('2021-07-11 09:14:00.0', 'YYYY-MM-DD HH24:MI:SS.FF'),30,'AGENDADA',7,1);

INSERT INTO CITAS (ID, FECHAYHORA, DURACIONCITA, ESTADOCITA, IDCIUDADANO, IDPUNTOVACUNACION)
VALUES (18, TO_TIMESTAMP('2021-07-11 09:44:00.0', 'YYYY-MM-DD HH24:MI:SS.FF'),30,'AGENDADA',8,1);

INSERT INTO CITAS (ID, FECHAYHORA, DURACIONCITA, ESTADOCITA, IDCIUDADANO, IDPUNTOVACUNACION)
VALUES (19, TO_TIMESTAMP('2021-07-11 10:14:00.0', 'YYYY-MM-DD HH24:MI:SS.FF'),30,'AGENDADA',9,1);

INSERT INTO CITAS (ID, FECHAYHORA, DURACIONCITA, ESTADOCITA, IDCIUDADANO, IDPUNTOVACUNACION)
VALUES (20, TO_TIMESTAMP('2021-07-11 10:44:00.0', 'YYYY-MM-DD HH24:MI:SS.FF'),30,'AGENDADA',10,1);

--@Estado Proceso 
INSERT INTO ESTADO_PROCESO (ID, ESTADO, FECHA_CAMBIO, COMENTARIO_DESCRIPCION, ID_CIUDADANO)
VALUES (1, 'CITA_AGENDADA', DATE '2021-02-11', 'Sin comentarios', 1);

INSERT INTO ESTADO_PROCESO (ID, ESTADO, FECHA_CAMBIO, COMENTARIO_DESCRIPCION, ID_CIUDADANO)
VALUES (2, 'CITA_AGENDADA', DATE '2021-02-11', 'Sin comentarios', 2);

INSERT INTO ESTADO_PROCESO (ID, ESTADO, FECHA_CAMBIO, COMENTARIO_DESCRIPCION, ID_CIUDADANO)
VALUES (3, 'CITA_AGENDADA', DATE '2021-02-11', 'Sin comentarios', 3);

INSERT INTO ESTADO_PROCESO (ID, ESTADO, FECHA_CAMBIO, COMENTARIO_DESCRIPCION, ID_CIUDADANO)
VALUES (4, 'CITA_AGENDADA', DATE '2021-02-11', 'Sin comentarios', 4);

INSERT INTO ESTADO_PROCESO (ID, ESTADO, FECHA_CAMBIO, COMENTARIO_DESCRIPCION, ID_CIUDADANO)
VALUES (5, 'CITA_AGENDADA', DATE '2021-02-11', 'Sin comentarios', 5);

INSERT INTO ESTADO_PROCESO (ID, ESTADO, FECHA_CAMBIO, COMENTARIO_DESCRIPCION, ID_CIUDADANO)
VALUES (6, 'CITA_AGENDADA', DATE '2021-02-11', 'Sin comentarios', 6);

INSERT INTO ESTADO_PROCESO (ID, ESTADO, FECHA_CAMBIO, COMENTARIO_DESCRIPCION, ID_CIUDADANO)
VALUES (7, 'CITA_AGENDADA', DATE '2021-02-11', 'Sin comentarios', 7);

INSERT INTO ESTADO_PROCESO (ID, ESTADO, FECHA_CAMBIO, COMENTARIO_DESCRIPCION, ID_CIUDADANO)
VALUES (8, 'CITA_AGENDADA', DATE '2021-02-11', 'Sin comentarios', 8);

INSERT INTO ESTADO_PROCESO (ID, ESTADO, FECHA_CAMBIO, COMENTARIO_DESCRIPCION, ID_CIUDADANO)
VALUES (9, 'CITA_AGENDADA', DATE '2021-02-11', 'Sin comentarios', 9);

INSERT INTO ESTADO_PROCESO (ID, ESTADO, FECHA_CAMBIO, COMENTARIO_DESCRIPCION, ID_CIUDADANO)
VALUES (10, 'CITA_AGENDADA', DATE '2021-02-11', 'Sin comentarios', 10);

INSERT INTO ESTADO_PROCESO (ID, ESTADO, FECHA_CAMBIO, COMENTARIO_DESCRIPCION, ID_CIUDADANO)
VALUES (11, 'VACUNADO', DATE '2021-04-11', 'Sin comentarios', 1);

INSERT INTO ESTADO_PROCESO (ID, ESTADO, FECHA_CAMBIO, COMENTARIO_DESCRIPCION, ID_CIUDADANO)
VALUES (12, 'VACUNADO', DATE '2021-04-11', 'Sin comentarios', 2);

INSERT INTO ESTADO_PROCESO (ID, ESTADO, FECHA_CAMBIO, COMENTARIO_DESCRIPCION, ID_CIUDADANO)
VALUES (13, 'VACUNADO', DATE '2021-04-11', 'Sin comentarios', 3);

INSERT INTO ESTADO_PROCESO (ID, ESTADO, FECHA_CAMBIO, COMENTARIO_DESCRIPCION, ID_CIUDADANO)
VALUES (14, 'VACUNADO', DATE '2021-04-11', 'Sin comentarios', 4);

INSERT INTO ESTADO_PROCESO (ID, ESTADO, FECHA_CAMBIO, COMENTARIO_DESCRIPCION, ID_CIUDADANO)
VALUES (15, 'VACUNADO', DATE '2021-04-11', 'Sin comentarios', 5);

INSERT INTO ESTADO_PROCESO (ID, ESTADO, FECHA_CAMBIO, COMENTARIO_DESCRIPCION, ID_CIUDADANO)
VALUES (16, 'VACUNADO', DATE '2021-04-11', 'Sin comentarios', 6);

INSERT INTO ESTADO_PROCESO (ID, ESTADO, FECHA_CAMBIO, COMENTARIO_DESCRIPCION, ID_CIUDADANO)
VALUES (17, 'VACUNADO', DATE '2021-04-11', 'Sin comentarios', 7);

INSERT INTO ESTADO_PROCESO (ID, ESTADO, FECHA_CAMBIO, COMENTARIO_DESCRIPCION, ID_CIUDADANO)
VALUES (18, 'VACUNADO', DATE '2021-04-11', 'Sin comentarios', 8);

INSERT INTO ESTADO_PROCESO (ID, ESTADO, FECHA_CAMBIO, COMENTARIO_DESCRIPCION, ID_CIUDADANO)
VALUES (19, 'VACUNADO', DATE '2021-04-11', 'Sin comentarios', 9);

INSERT INTO ESTADO_PROCESO (ID, ESTADO, FECHA_CAMBIO, COMENTARIO_DESCRIPCION, ID_CIUDADANO)
VALUES (20, 'VACUNADO', DATE '2021-04-11', 'Sin comentarios', 10);

INSERT INTO ESTADO_PROCESO (ID, ESTADO, FECHA_CAMBIO, COMENTARIO_DESCRIPCION, ID_CIUDADANO)
VALUES (21, 'CITA_AGENDADA', DATE '2021-04-11', 'Sin comentarios', 1);

INSERT INTO ESTADO_PROCESO (ID, ESTADO, FECHA_CAMBIO, COMENTARIO_DESCRIPCION, ID_CIUDADANO)
VALUES (22, 'CITA_AGENDADA', DATE '2021-04-11', 'Sin comentarios', 2);

INSERT INTO ESTADO_PROCESO (ID, ESTADO, FECHA_CAMBIO, COMENTARIO_DESCRIPCION, ID_CIUDADANO)
VALUES (23, 'CITA_AGENDADA', DATE '2021-04-11', 'Sin comentarios', 3);

INSERT INTO ESTADO_PROCESO (ID, ESTADO, FECHA_CAMBIO, COMENTARIO_DESCRIPCION, ID_CIUDADANO)
VALUES (24, 'CITA_AGENDADA', DATE '2021-04-11', 'Sin comentarios', 4);

INSERT INTO ESTADO_PROCESO (ID, ESTADO, FECHA_CAMBIO, COMENTARIO_DESCRIPCION, ID_CIUDADANO)
VALUES (25, 'CITA_AGENDADA', DATE '2021-04-11', 'Sin comentarios', 5);

INSERT INTO ESTADO_PROCESO (ID, ESTADO, FECHA_CAMBIO, COMENTARIO_DESCRIPCION, ID_CIUDADANO)
VALUES (26, 'CITA_AGENDADA', DATE '2021-04-11', 'Sin comentarios', 6);

INSERT INTO ESTADO_PROCESO (ID, ESTADO, FECHA_CAMBIO, COMENTARIO_DESCRIPCION, ID_CIUDADANO)
VALUES (27, 'CITA_AGENDADA', DATE '2021-04-11', 'Sin comentarios', 7);

INSERT INTO ESTADO_PROCESO (ID, ESTADO, FECHA_CAMBIO, COMENTARIO_DESCRIPCION, ID_CIUDADANO)
VALUES (28, 'CITA_AGENDADA', DATE '2021-04-11', 'Sin comentarios', 8);

INSERT INTO ESTADO_PROCESO (ID, ESTADO, FECHA_CAMBIO, COMENTARIO_DESCRIPCION, ID_CIUDADANO)
VALUES (29, 'CITA_AGENDADA', DATE '2021-04-11', 'Sin comentarios', 9);

INSERT INTO ESTADO_PROCESO (ID, ESTADO, FECHA_CAMBIO, COMENTARIO_DESCRIPCION, ID_CIUDADANO)
VALUES (30, 'CITA_AGENDADA', DATE '2021-04-11', 'Sin comentarios', 10);
COMMIT;