--@Estados posibles
INSERT INTO ESTADOS_POSIBLES (ID, DESCRIPCION)
VALUES (1, 'EN_ESPERA');
INSERT INTO ESTADOS_POSIBLES (ID, DESCRIPCION)
VALUES (2,  'PENDIENTE_DE_CONTACTAR');
INSERT INTO ESTADOS_POSIBLES (ID, DESCRIPCION)
VALUES (3,  'NO_QUIERE_VACUNARSE');
INSERT INTO ESTADOS_POSIBLES (ID, DESCRIPCION)
VALUES (4,  'FIRMA_CONSENTIMIENTO_INFORMADO');
INSERT INTO ESTADOS_POSIBLES (ID, DESCRIPCION)
VALUES (5,  'PUNTO_DE_VACUNACION_ASIGNADO');
INSERT INTO ESTADOS_POSIBLES (ID, DESCRIPCION)
VALUES (6,  'CITA_AGENDADA');
INSERT INTO ESTADOS_POSIBLES (ID, DESCRIPCION)
VALUES (7,  'DOSIS_PENDIENTE');
INSERT INTO ESTADOS_POSIBLES (ID, DESCRIPCION)
VALUES (8,  'VACUNADO');
INSERT INTO ESTADOS_POSIBLES (ID, DESCRIPCION)
VALUES (9,  'NO_VACUNABLE');

--@Vencimiento dosis
INSERT INTO VENCIMIENTO_DOSIS(LOTE, FECHAVENCIMIENTO)
VALUES ('A1',TO_DATE('1/1/2022','DD/MM/YYYY'));

INSERT INTO VENCIMIENTO_DOSIS(LOTE, FECHAVENCIMIENTO)
VALUES ('B2',TO_DATE('31/1/2022','DD/MM/YYYY'));

INSERT INTO VENCIMIENTO_DOSIS(LOTE, FECHAVENCIMIENTO)
VALUES ('C3',TO_DATE('1/1/2023','DD/MM/YYYY'));

INSERT INTO VENCIMIENTO_DOSIS(LOTE, FECHAVENCIMIENTO)
VALUES ('D4',TO_DATE('1/1/2022','DD/MM/YYYY'));

INSERT INTO VENCIMIENTO_DOSIS(LOTE, FECHAVENCIMIENTO)
VALUES ('E5',TO_DATE('11/11/2022','DD/MM/YYYY'));

INSERT INTO VENCIMIENTO_DOSIS(LOTE, FECHAVENCIMIENTO)
VALUES ('F6',TO_DATE('20/5/2022','DD/MM/YYYY'));

--@Vacuna
INSERT INTO VACUNA(ID,NOMBRE,REQUERIMIENTOSDEALMACENAMIENTO)
VALUES (1,'AstraZeneca','Cada dosis debe manetenerse entre +2°C y +8°C');

INSERT INTO VACUNA(ID,NOMBRE,REQUERIMIENTOSDEALMACENAMIENTO)
VALUES (2,'SinoVac','Cada dosis debe manetenerse entre +2°C y +8°C');

INSERT INTO VACUNA(ID,NOMBRE,REQUERIMIENTOSDEALMACENAMIENTO)
VALUES (3,'Moderna','Cada dosis debe manetenerse por debajo de 20°C');

--@Vacunacion
INSERT INTO VACUNACION(ID, DOSIS_TOTALES,DOSIS_APLICADAS,DOSIS_PERDIDAS)
VALUES (1,20,10,0);

--@Numero Dosis Vacuna
INSERT INTO NUMERO_DOSIS_VACUNA (ID, NUMERODOSIS)
VALUES (1,2);

--@Restriccion
INSERT INTO RESTRICCIONES(ID,DESCRIPCION,IDVACUNA)
    VALUES (1,'No se le debe aplicar a menores de 18 años',1);

INSERT INTO RESTRICCIONES(ID,DESCRIPCION,IDVACUNA)
VALUES (2,'No se debe aplicar si hay alergia a alguno de los componentes',1);

--@Etapa
--RF1 REGISTRAR LAS CONDICIONES DE PRIORIZACIÓN PARA LA VACUNACIÓN
INSERT INTO ETAPA (ID,FASE,DESCRIPCION,EDAD_MINIMA,EDAD_MAXIMA,IDVACUNACION)
VALUES (1, 1, 'Ciudadanos de 80 años y más. Profesionales de la salud, Fuerzas Militares,
    Policía Nacional que trabajen en salud y en contacto con pacientes con COVID-19',80,120,1);
    
INSERT INTO ETAPA (ID,FASE,DESCRIPCION,EDAD_MINIMA,EDAD_MAXIMA,IDVACUNACION)
VALUES (2, 1,'Ciudadanos entre 60 y 79 años. Profesionales de salud no incluidos en la etapa 1.',60,79,1);

INSERT INTO ETAPA (ID,FASE,DESCRIPCION,EDAD_MINIMA,EDAD_MAXIMA,IDVACUNACION)
VALUES (3, 1,'Ciudadanos entre 16 y 59 años con enfermedades crónicas. Docentes y profesionales que trabajen con cadáveres',16,59,1);

INSERT INTO ETAPA (ID,FASE,DESCRIPCION,EDAD_MINIMA,EDAD_MAXIMA,IDVACUNACION)
VALUES (4, 2,'Ciudadanos entre 16 y 59 años. Población carcelaria, bomberos, socorristas y profesionales de tránsito aéreo',16,59,1);

INSERT INTO ETAPA (ID,FASE,DESCRIPCION,EDAD_MINIMA,EDAD_MAXIMA,IDVACUNACION)
VALUES (5, 2,' Ciudadanos entre 16 y 59 años que no estén incluídos en las otras etapas',16,59,1);

UPDATE VACUNACION
SET IDETAPA_ACTUAL=1
WHERE ID=1;

--@Oficina EPS Regional
-- RF3 - REGISTRAR UNA OFICINA DE EPS REGIONAL
INSERT INTO OFICINA_EPS_REGIONAL (ID,NOMBRE,NIT,REGION,DIRECCION,NUMERO_CONTACTO,CIUDAD,IDVACUNACION)
VALUES (1,'Compensar Sede Bogotá','ABC123','Bogotá D.C.','Calle 1 #1-1', '300111111', 'Bogotá',1);

INSERT INTO OFICINA_EPS_REGIONAL (ID,NOMBRE,NIT,REGION,DIRECCION,NUMERO_CONTACTO,CIUDAD,IDVACUNACION)
VALUES (2,'Compensar Sede Medellín','ABC124','Andina','Calle 1 #1-1', '300111111', 'Medellín',1);

INSERT INTO OFICINA_EPS_REGIONAL (ID,NOMBRE,NIT,REGION,DIRECCION,NUMERO_CONTACTO,CIUDAD,IDVACUNACION)
VALUES (3,'Compensar Sede Caribe','CDF123','Caribe','Calle 1 #1-1', '300111111', 'La Guajira',1);

INSERT INTO OFICINA_EPS_REGIONAL (ID,NOMBRE,NIT,REGION,DIRECCION,NUMERO_CONTACTO,CIUDAD,IDVACUNACION)
VALUES (4,'Compensar Sede Quibdó','EFG123','Pacífica','Calle 1 #1-1', '300111111', 'Quibdó',1);

INSERT INTO OFICINA_EPS_REGIONAL (ID,NOMBRE,NIT,REGION,DIRECCION,NUMERO_CONTACTO,CIUDAD,IDVACUNACION)
VALUES (5,'Compensar Sede Leticia','HIJ123','Amazonía','Calle 1 #1-1', '300111111', 'Leticia',1);

--@Funcionarios
--RF4 - REGISTRAR USUARIO DE VACUANDES
INSERT INTO FUNCIONARIOS (ID, CORREO, ID_VACUNACION)
VALUES (1,'amanda@gmail.com',1);

INSERT INTO FUNCIONARIOS (ID, CORREO, ID_VACUNACION)
VALUES (2,'bilbo@gmail.com',1);

INSERT INTO FUNCIONARIOS (ID, CORREO, ID_VACUNACION)
VALUES (3,'carlos@gmail.com',1);

INSERT INTO FUNCIONARIOS (ID, CORREO, ID_VACUNACION)
VALUES (4,'dario@gmail.com',1);

INSERT INTO FUNCIONARIOS (ID, CORREO, ID_VACUNACION)
VALUES (5,'bradpitt@gmail.com',1);

INSERT INTO FUNCIONARIOS (ID, CORREO, ID_VACUNACION)
VALUES (6,'jbalvin@gmail.com',1);

--@Profesion
INSERT INTO PROFESION (ID,DESCRIPCION,IDETAPA)
VALUES (1,'Profesional en salud (contacto con COVID-19)',1);

INSERT INTO PROFESION (ID,DESCRIPCION,IDETAPA)
VALUES (2,'Fuerzas militares y policia',1);

INSERT INTO PROFESION (ID,DESCRIPCION,IDETAPA)
VALUES (3,'Profesional en salud (sin contacto con COVID-19)',2);

INSERT INTO PROFESION (ID,DESCRIPCION,IDETAPA)
VALUES (4,'Docentes',3);

INSERT INTO PROFESION (ID,DESCRIPCION,IDETAPA)
VALUES (5,'Personal que trabaja con cadaveres',3);

INSERT INTO PROFESION (ID,DESCRIPCION,IDETAPA)
VALUES (6,'Población carcelaria',4);

INSERT INTO PROFESION (ID,DESCRIPCION,IDETAPA)
VALUES (7,'Bomberos y socorristas',4);

INSERT INTO PROFESION (ID,DESCRIPCION,IDETAPA)
VALUES (8,'Profesionales tránsito aéreo',4);

INSERT INTO PROFESION (ID,DESCRIPCION,IDETAPA)
VALUES (9,'Otros',5);

--@Estado salud
INSERT INTO ESTADO_DE_SALUD (ID,DESCRIPCION,IDETAPA)
VALUES (1,'Enfermedades hipertensivas',3);

INSERT INTO ESTADO_DE_SALUD (ID,DESCRIPCION,IDETAPA)
VALUES (2,'Diabetes',3);

INSERT INTO ESTADO_DE_SALUD (ID,DESCRIPCION,IDETAPA)
VALUES (3,'Insuficiencia renal',3);

INSERT INTO ESTADO_DE_SALUD (ID,DESCRIPCION,IDETAPA)
VALUES (4,'VIH',3);

INSERT INTO ESTADO_DE_SALUD (ID,DESCRIPCION,IDETAPA)
VALUES (5,'Cancer',3);

INSERT INTO ESTADO_DE_SALUD (ID,DESCRIPCION,IDETAPA)
VALUES (6,'Tuberculosis',3);

INSERT INTO ESTADO_DE_SALUD (ID,DESCRIPCION,IDETAPA)
VALUES (7,'EPOC',3);

INSERT INTO ESTADO_DE_SALUD (ID,DESCRIPCION,IDETAPA)
VALUES (8,'Asma',3);

INSERT INTO ESTADO_DE_SALUD (ID,DESCRIPCION,IDETAPA)
VALUES (9,'Obesidad',3);

INSERT INTO ESTADO_DE_SALUD (ID,DESCRIPCION,IDETAPA)
VALUES (10,'Pacientes en espera de transplantes',3);

INSERT INTO ESTADO_DE_SALUD (ID,DESCRIPCION,IDETAPA)
VALUES (11,'Otros/Sin comorbilidad',5);

--@Punto Vacunación
INSERT INTO PUNTO_VACUNACION (ID, LOCALIZACION, CUPOMAXIMO, MAXCIUDADANOSPORDIA, TOTALVACUNADOS, INFRAESTRUCTURAALMACENAMIENTO, 
                                CAPACIDADALMACENAMIENTODOSIS, ESTAHABILITADO ,IDEPSREGIONAL)
VALUES (1,'Usaquen', 10, 500, 0, 'Refrigeradores', 2000,1, 1);

INSERT INTO PUNTO_VACUNACION
VALUES (2,'La Candelaria', 30, 130, 0, 'Refrigeradores', 2000,1, 1);

INSERT INTO PUNTO_VACUNACION
VALUES (3,'Suba', 30, 1500, 0, 'Refrigeradores', 1500,1, 1);

INSERT INTO PUNTO_VACUNACION
VALUES (4,'Bosa', 20, 500, 0, 'Refrigeradores', 1000,1, 1);

INSERT INTO PUNTO_VACUNACION
VALUES (5,'Soacha', 50, 300, 0, 'Refrigeradores', 1000,1, 1);

INSERT INTO PUNTO_VACUNACION
VALUES (6,'A domicilio', 1, 30, 0, 'Refrigerador y carro', 40,1,1);

--EPS regional 2
INSERT INTO PUNTO_VACUNACION
VALUES (7,'El Poblado', 30, 130, 0, 'Refrigeradores', 2000,1, 2);

INSERT INTO PUNTO_VACUNACION
VALUES (8,'Belén', 30, 1500, 0, 'Refrigeradores', 1500,1, 2);

INSERT INTO PUNTO_VACUNACION
VALUES (9,'Laureles Estadio', 20, 500, 0, 'Refrigeradores', 1000,1, 2);

INSERT INTO PUNTO_VACUNACION
VALUES (10,'Villa Hermosa', 50, 300, 0, 'Refrigeradores', 1000,1, 2);

INSERT INTO PUNTO_VACUNACION
VALUES (11,'A domicilio', 1, 30, 0, 'Refrigerador y carro', 40,1,2);

--EPS regional 3
INSERT INTO PUNTO_VACUNACION
VALUES (12,'Rioacha', 30, 130, 0, 'Refrigeradores', 2000,1, 3);

INSERT INTO PUNTO_VACUNACION
VALUES (13,'Maicao', 30, 1500, 0, 'Refrigeradores', 1500,1, 3);

INSERT INTO PUNTO_VACUNACION
VALUES (14,'Uribia', 20, 500, 0, 'Refrigeradores', 1000,1, 3);

INSERT INTO PUNTO_VACUNACION
VALUES (15,'San Juan del Cesar', 50, 300, 0, 'Refrigeradores', 1000,1, 3);

INSERT INTO PUNTO_VACUNACION
VALUES (16,'A domicilio', 1, 10, 0, 'Refrigerador y carro', 60,1,3);

--EPS regional 4
INSERT INTO PUNTO_VACUNACION
VALUES (17,'Catedral San Francisco de Asis', 30, 130, 0, 'Refrigeradores', 2000,1, 4);

INSERT INTO PUNTO_VACUNACION
VALUES (18,'Universidad Tecnológica del Chocó', 30, 1500, 0, 'Refrigeradores', 1500,1, 4);

INSERT INTO PUNTO_VACUNACION
VALUES (19,'Malecón', 20, 500, 0, 'Refrigeradores', 1000,1, 4);

INSERT INTO PUNTO_VACUNACION
VALUES (20,'A domicilio', 1, 10, 0, 'Refrigerador y lancha', 30,1,4);

--EPS regional 5
INSERT INTO PUNTO_VACUNACION
VALUES (21,'San Sebastián', 30, 130, 0, 'Refrigeradores', 2000,1, 5);

INSERT INTO PUNTO_VACUNACION
VALUES (22,'Aeropuerto Alfredo Vásquez Cobo', 30, 1500, 0, 'Refrigeradores', 1500,1, 5);

INSERT INTO PUNTO_VACUNACION
VALUES (23,'Malecón', 20, 500, 0, 'Refrigeradores', 1000,1, 5);

INSERT INTO PUNTO_VACUNACION
VALUES (24,'A domicilio', 1, 10, 0, 'Refrigerador y lancha', 60,1,5);


--@Cambios punto vacunación
INSERT INTO CAMBIOS_PUNTO_VACUNACION (ID, DISPONIBLE,FECHACAMBIO,COMENTARIOS,ID_PUNTO_VACUNACION)
values (1, 1,'12/12/2020','Apertura del punto de vacunación localizado en Bogotá', 1);

INSERT INTO CAMBIOS_PUNTO_VACUNACION (ID, DISPONIBLE,FECHACAMBIO,COMENTARIOS,ID_PUNTO_VACUNACION)
values (2, 1,'15/03/2021','Apertura del segundo punto de vacunación localizado en Bogotá', 2);

--@Contrasena Funcionarios
INSERT INTO CONTRASENA_FUNCIONARIOS (ID_FUNCIONARIO, CONTRASENA)
VALUES (1, '12345678');

INSERT INTO CONTRASENA_FUNCIONARIOS (ID_FUNCIONARIO, CONTRASENA)
VALUES (2, '87654321');

INSERT INTO CONTRASENA_FUNCIONARIOS (ID_FUNCIONARIO, CONTRASENA)
VALUES (3, 'theproest');

INSERT INTO CONTRASENA_FUNCIONARIOS (ID_FUNCIONARIO, CONTRASENA)
VALUES (4, 'migataginger');

--@Admin Plan Vacunacion
INSERT INTO ADMIN_PLAN_VACUNACION (ID_PLAN_VACUNACION, ID_FUNCIONARIO)
VALUES (1, 1);

--@Admin EPS
INSERT INTO ADMIN_EPS (ID_FUNCIONARIO, ID_OFICINA_EPS)
VALUES (2, 1);


--@Admin Punto Vacunacion
INSERT INTO ADMIN_PUNTO_VACUNACION (ID_FUNCIONARIO, ID_PUNTO_VACUNACION)
VALUES (3, 1);

INSERT INTO ADMIN_PUNTO_VACUNACION (ID_FUNCIONARIO, ID_PUNTO_VACUNACION)
VALUES (4, 2);

--@Operador Punto Vacunación
INSERT INTO OPERADOR_PUNTO_VACUNACION (ID_FUNCIONARIO, ID_PUNTO_VACUNACION)
VALUES (5, 1);

INSERT INTO OPERADOR_PUNTO_VACUNACION (ID_FUNCIONARIO, ID_PUNTO_VACUNACION)
VALUES (6, 2);

--@Ciudadano
INSERT INTO CIUDADANOS
VALUES (1, 'Amanda Ortega', '70485823', 1, '03/04/1960', 'Cra 56 # 34 - 21', 'Bogotá', '3109287623', 1, 1, 1, 3, 11, 1);

INSERT INTO CIUDADANOS
VALUES (2, 'Bilbo Bolsón', '70485824', 1, '11/04/1950', 'Cra 23 # 12 - 56', 'Bogotá', '3129587823', 1, 1, 1, 3, 11, 1);

INSERT INTO CIUDADANOS 
VALUES (3, 'Carlos Figueredo', '1006748294', 1, '05/1/2000', 'Cra 11 # 2 - 33', 'Bogotá', '3107622615', 1, 1, 1, 3, 11, 1);

INSERT INTO CIUDADANOS 
VALUES (4, 'Darío Gómez', '45736451', 1, '11/04/1950', 'Cra 23 # 12 - 56', 'Bogotá', '3129587823', 1, 1, 1, 3, 11, 1);

INSERT INTO CIUDADANOS 
VALUES (5, 'Brad Pitt', '1005746362', 1, '11/04/1950', 'Cra 23 # 12 - 56', 'Bogotá', '3129587823', 1, 1, 1, 3, 11, 1);

INSERT INTO CIUDADANOS 
VALUES (6, 'Julio Balvin', '56748283', 1, '11/04/1950', 'Cra 23 # 12 - 56', 'Bogotá', '3129587823', 1, 1, 1, 3, 11, 1);

INSERT INTO CIUDADANOS 
VALUES (7, 'Mario Bros', '30495867', 1, '11/04/1950', 'Cra 23 # 12 - 56', 'Bogotá', '3129587823', 1, 1, 1, 3, 7, 1);

INSERT INTO CIUDADANOS 
VALUES (8, 'Luigi Bros', '58472961', 1, '11/04/1950', 'Cra 23 # 12 - 56', 'Bogotá', '3129587823', 1, 1, 1, 3, 5, 1);

INSERT INTO CIUDADANOS 
VALUES (9, 'Barack Obama', '12932049', 1, '11/04/1950', 'Cra 23 # 12 - 56', 'Bogotá', '3129587823', 1, 1, 1, 6, 2, 1);

INSERT INTO CIUDADANOS 
VALUES (10, 'Antonio Banderas', '1234567890', 1, '11/04/1950', 'Cra 23 # 12 - 56', 'Bogotá', '3129587823', 1, 1, 1, 7, 1, 1);

INSERT INTO CIUDADANOS 
VALUES (1000000, 'Millonésimo Vargas', '1000000', 9, '31/05/2021', 'Enrique Segoviano', 'Puerto Millón', '1000000', 1, 1, 1, 7, 11, 5);

--@Dosis
INSERT INTO DOSIS
VALUES (1,'A1',1,1,1,1,1,'30/05/2021','31/05/2021');

INSERT INTO DOSIS 
VALUES (2,'A1',2,1,2,1,1,'30/05/2021','31/05/2021');

INSERT INTO DOSIS 
VALUES (3,'A1',3,1,1,1,1,'30/05/2021','31/05/2021');

INSERT INTO DOSIS 
VALUES (4,'A1',4,1,2,1,1,'30/05/2021','31/05/2021');

INSERT INTO DOSIS 
VALUES (5,'A1',5,1,1,1,1,'30/05/2021','31/05/2021');

INSERT INTO DOSIS 
VALUES (6,'A1',6,1,2,1,1,'30/05/2021','31/05/2021');

INSERT INTO DOSIS 
VALUES (7,'A1',7,1,1,1,1,'30/05/2021','31/05/2021');

INSERT INTO DOSIS 
VALUES (8,'A1',8,1,2,1,1,'30/05/2021','31/05/2021');

INSERT INTO DOSIS 
VALUES (9,'A1',9,1,1,1,1,'30/05/2021','31/05/2021');

INSERT INTO DOSIS 
VALUES (10,'A1',10,1,2,1,1,'30/05/2021','31/05/2021');

INSERT INTO DOSIS 
VALUES (11,'A1',1,1,1,1,1,'30/05/2021','31/05/2021');

INSERT INTO DOSIS 
VALUES (12,'A1',2,1,2,1,1,'30/05/2021','31/05/2021');

INSERT INTO DOSIS 
VALUES (13,'A1',3,1,1,1,1,'30/05/2021','31/05/2021');

INSERT INTO DOSIS 
VALUES (14,'A1',4,1,2,1,1,'30/05/2021','31/05/2021');

INSERT INTO DOSIS 
VALUES (15,'A1',5,1,1,1,1,'30/05/2021','31/05/2021');

INSERT INTO DOSIS 
VALUES (16,'A1',6,1,2,1,1,'30/05/2021','31/05/2021');

INSERT INTO DOSIS 
VALUES (17,'A1',7,1,1,1,1,'30/05/2021','31/05/2021');

INSERT INTO DOSIS 
VALUES (18,'A1',8,1,2,1,1,'30/05/2021','31/05/2021');

INSERT INTO DOSIS 
VALUES (19,'A1',9,1,1,1,1,'30/05/2021','31/05/2021');

INSERT INTO DOSIS 
VALUES (20,'A1',10,1,2,1,1,'30/05/2021','31/05/2021');

INSERT INTO DOSIS (ID,LOTE,IDCIUDADANO,IDOFICINAEPSREGIONAL,IDPUNTOVACUNACION,IDVACUNA,DISPONIBLE)
VALUES (21,'A1',NULL,NULL,NULL,1,0);

INSERT INTO DOSIS (ID,LOTE,IDVACUNA,DISPONIBLE)
VALUES (22,'A1',1,0);

INSERT INTO DOSIS (ID,LOTE,IDCIUDADANO,IDOFICINAEPSREGIONAL,IDPUNTOVACUNACION,IDVACUNA,DISPONIBLE)
VALUES (23,'A1',NULL,NULL,NULL,1,0);

INSERT INTO DOSIS (ID,LOTE,IDCIUDADANO,IDOFICINAEPSREGIONAL,IDPUNTOVACUNACION,IDVACUNA,DISPONIBLE)
VALUES (24,'A1',NULL,NULL,NULL,1,0);

INSERT INTO DOSIS (ID,LOTE,IDCIUDADANO,IDOFICINAEPSREGIONAL,IDPUNTOVACUNACION,IDVACUNA,DISPONIBLE)
VALUES (25,'A1',NULL,NULL,NULL,1,0);

INSERT INTO DOSIS (ID,LOTE,IDCIUDADANO,IDOFICINAEPSREGIONAL,IDPUNTOVACUNACION,IDVACUNA,DISPONIBLE)
VALUES (26,'A1',NULL,NULL,NULL,1,0);

INSERT INTO DOSIS (ID,LOTE,IDCIUDADANO,IDOFICINAEPSREGIONAL,IDPUNTOVACUNACION,IDVACUNA,DISPONIBLE)
VALUES (27,'A1',NULL,NULL,NULL,1,0);

INSERT INTO DOSIS (ID,LOTE,IDCIUDADANO,IDOFICINAEPSREGIONAL,IDPUNTOVACUNACION,IDVACUNA,DISPONIBLE)
VALUES (28,'A1',NULL,NULL,NULL,1,0);

INSERT INTO DOSIS (ID,LOTE,IDCIUDADANO,IDOFICINAEPSREGIONAL,IDPUNTOVACUNACION,IDVACUNA,DISPONIBLE)
VALUES (29,'A1',NULL,NULL,NULL,1,0);

INSERT INTO DOSIS (ID,LOTE,IDCIUDADANO,IDOFICINAEPSREGIONAL,IDPUNTOVACUNACION,IDVACUNA,DISPONIBLE)
VALUES (30,'A1',NULL,NULL,NULL,1,0);

--@Citas
INSERT INTO CITAS (ID, FECHAYHORA, DURACIONCITA, ESTADOCITA, IDCIUDADANO, IDPUNTOVACUNACION)
VALUES (1, TO_TIMESTAMP('2021-04-11 06:14:00.0', 'YYYY-MM-DD HH24:MI:SS.FF'),30,'ASISTIDA',1,1);

INSERT INTO CITAS (ID, FECHAYHORA, DURACIONCITA, ESTADOCITA, IDCIUDADANO, IDPUNTOVACUNACION)
VALUES (2, TO_TIMESTAMP('2021-04-11 06:44:00.0', 'YYYY-MM-DD HH24:MI:SS.FF'),30,'ASISTIDA',2,1);

INSERT INTO CITAS (ID, FECHAYHORA, DURACIONCITA, ESTADOCITA, IDCIUDADANO, IDPUNTOVACUNACION)
VALUES (3, TO_TIMESTAMP('2021-04-11 07:14:00.0', 'YYYY-MM-DD HH24:MI:SS.FF'),30,'ASISTIDA',3,1);

INSERT INTO CITAS (ID, FECHAYHORA, DURACIONCITA, ESTADOCITA, IDCIUDADANO, IDPUNTOVACUNACION)
VALUES (4, TO_TIMESTAMP('2021-04-11 07:44:00.0', 'YYYY-MM-DD HH24:MI:SS.FF'),30,'ASISTIDA',4,1);

INSERT INTO CITAS (ID, FECHAYHORA, DURACIONCITA, ESTADOCITA, IDCIUDADANO, IDPUNTOVACUNACION)
VALUES (5, TO_TIMESTAMP('2021-04-11 08:14:00.0', 'YYYY-MM-DD HH24:MI:SS.FF'),30,'ASISTIDA',5,1);

INSERT INTO CITAS (ID, FECHAYHORA, DURACIONCITA, ESTADOCITA, IDCIUDADANO, IDPUNTOVACUNACION)
VALUES (6, TO_TIMESTAMP('2021-04-11 08:44:00.0', 'YYYY-MM-DD HH24:MI:SS.FF'),30,'ASISTIDA',6,1);

INSERT INTO CITAS (ID, FECHAYHORA, DURACIONCITA, ESTADOCITA, IDCIUDADANO, IDPUNTOVACUNACION)
VALUES (7, TO_TIMESTAMP('2021-04-11 09:14:00.0', 'YYYY-MM-DD HH24:MI:SS.FF'),30,'ASISTIDA',7,1);

INSERT INTO CITAS (ID, FECHAYHORA, DURACIONCITA, ESTADOCITA, IDCIUDADANO, IDPUNTOVACUNACION)
VALUES (8, TO_TIMESTAMP('2021-04-11 09:44:00.0', 'YYYY-MM-DD HH24:MI:SS.FF'),30,'ASISTIDA',8,2);

INSERT INTO CITAS (ID, FECHAYHORA, DURACIONCITA, ESTADOCITA, IDCIUDADANO, IDPUNTOVACUNACION)
VALUES (9, TO_TIMESTAMP('2021-04-11 10:14:00.0', 'YYYY-MM-DD HH24:MI:SS.FF'),30,'ASISTIDA',9,2);

INSERT INTO CITAS (ID, FECHAYHORA, DURACIONCITA, ESTADOCITA, IDCIUDADANO, IDPUNTOVACUNACION)
VALUES (10, TO_TIMESTAMP('2021-05-11 10:44:00.0', 'YYYY-MM-DD HH24:MI:SS.FF'),30,'ASISTIDA',10,1);

INSERT INTO CITAS (ID, FECHAYHORA, DURACIONCITA, ESTADOCITA, IDCIUDADANO, IDPUNTOVACUNACION)
VALUES (11, TO_TIMESTAMP('2021-07-11 06:14:00.0', 'YYYY-MM-DD HH24:MI:SS.FF'),30,'AGENDADA',1,1);

INSERT INTO CITAS (ID, FECHAYHORA, DURACIONCITA, ESTADOCITA, IDCIUDADANO, IDPUNTOVACUNACION)
VALUES (12, TO_TIMESTAMP('2021-07-11 06:44:00.0', 'YYYY-MM-DD HH24:MI:SS.FF'),30,'AGENDADA',2,1);

INSERT INTO CITAS (ID, FECHAYHORA, DURACIONCITA, ESTADOCITA, IDCIUDADANO, IDPUNTOVACUNACION)
VALUES (13, TO_TIMESTAMP('2021-07-11 07:14:00.0', 'YYYY-MM-DD HH24:MI:SS.FF'),30,'AGENDADA',3,1);

INSERT INTO CITAS (ID, FECHAYHORA, DURACIONCITA, ESTADOCITA, IDCIUDADANO, IDPUNTOVACUNACION)
VALUES (14, TO_TIMESTAMP('2021-07-11 07:44:00.0', 'YYYY-MM-DD HH24:MI:SS.FF'),30,'AGENDADA',4,1);

INSERT INTO CITAS (ID, FECHAYHORA, DURACIONCITA, ESTADOCITA, IDCIUDADANO, IDPUNTOVACUNACION)
VALUES (15, TO_TIMESTAMP('2021-07-11 08:14:00.0', 'YYYY-MM-DD HH24:MI:SS.FF'),30,'AGENDADA',5,1);

INSERT INTO CITAS (ID, FECHAYHORA, DURACIONCITA, ESTADOCITA, IDCIUDADANO, IDPUNTOVACUNACION)
VALUES (16, TO_TIMESTAMP('2021-07-11 08:44:00.0', 'YYYY-MM-DD HH24:MI:SS.FF'),30,'AGENDADA',6,1);

INSERT INTO CITAS (ID, FECHAYHORA, DURACIONCITA, ESTADOCITA, IDCIUDADANO, IDPUNTOVACUNACION)
VALUES (17, TO_TIMESTAMP('2021-07-11 09:14:00.0', 'YYYY-MM-DD HH24:MI:SS.FF'),30,'AGENDADA',7,1);

INSERT INTO CITAS (ID, FECHAYHORA, DURACIONCITA, ESTADOCITA, IDCIUDADANO, IDPUNTOVACUNACION)
VALUES (18, TO_TIMESTAMP('2021-07-11 09:44:00.0', 'YYYY-MM-DD HH24:MI:SS.FF'),30,'AGENDADA',8,1);

INSERT INTO CITAS (ID, FECHAYHORA, DURACIONCITA, ESTADOCITA, IDCIUDADANO, IDPUNTOVACUNACION)
VALUES (19, TO_TIMESTAMP('2021-07-11 10:14:00.0', 'YYYY-MM-DD HH24:MI:SS.FF'),30,'ASISTIDA',9,2);

INSERT INTO CITAS (ID, FECHAYHORA, DURACIONCITA, ESTADOCITA, IDCIUDADANO, IDPUNTOVACUNACION)
VALUES (20, TO_TIMESTAMP('2021-07-11 10:44:00.0', 'YYYY-MM-DD HH24:MI:SS.FF'),30,'ASISTIDA',10,1);


--@Estado Proceso 
INSERT INTO ESTADO_PROCESO (ID, ESTADO, FECHA_CAMBIO, COMENTARIO_DESCRIPCION, ID_CIUDADANO)
VALUES (1, 6, DATE '2021-02-11', 'Sin comentarios', 1);

INSERT INTO ESTADO_PROCESO (ID, ESTADO, FECHA_CAMBIO, COMENTARIO_DESCRIPCION, ID_CIUDADANO)
VALUES (2, 6, DATE '2021-02-11', 'Sin comentarios', 2);

INSERT INTO ESTADO_PROCESO (ID, ESTADO, FECHA_CAMBIO, COMENTARIO_DESCRIPCION, ID_CIUDADANO)
VALUES (3, 6, DATE '2021-02-11', 'Sin comentarios', 3);

INSERT INTO ESTADO_PROCESO (ID, ESTADO, FECHA_CAMBIO, COMENTARIO_DESCRIPCION, ID_CIUDADANO)
VALUES (4, 6, DATE '2021-02-11', 'Sin comentarios', 4);

INSERT INTO ESTADO_PROCESO (ID, ESTADO, FECHA_CAMBIO, COMENTARIO_DESCRIPCION, ID_CIUDADANO)
VALUES (5, 6, DATE '2021-02-11', 'Sin comentarios', 5);

INSERT INTO ESTADO_PROCESO (ID, ESTADO, FECHA_CAMBIO, COMENTARIO_DESCRIPCION, ID_CIUDADANO)
VALUES (6, 6, DATE '2021-02-11', 'Sin comentarios', 6);

INSERT INTO ESTADO_PROCESO (ID, ESTADO, FECHA_CAMBIO, COMENTARIO_DESCRIPCION, ID_CIUDADANO)
VALUES (7, 6, DATE '2021-02-11', 'Sin comentarios', 7);

INSERT INTO ESTADO_PROCESO (ID, ESTADO, FECHA_CAMBIO, COMENTARIO_DESCRIPCION, ID_CIUDADANO)
VALUES (8, 6, DATE '2021-02-11', 'Sin comentarios', 8);

INSERT INTO ESTADO_PROCESO (ID, ESTADO, FECHA_CAMBIO, COMENTARIO_DESCRIPCION, ID_CIUDADANO)
VALUES (9, 6, DATE '2021-02-11', 'Sin comentarios', 9);

INSERT INTO ESTADO_PROCESO (ID, ESTADO, FECHA_CAMBIO, COMENTARIO_DESCRIPCION, ID_CIUDADANO)
VALUES (10, 6, DATE '2021-02-11', 'Sin comentarios', 10);

INSERT INTO ESTADO_PROCESO (ID, ESTADO, FECHA_CAMBIO, COMENTARIO_DESCRIPCION, ID_CIUDADANO)
VALUES (11, 8, DATE '2021-04-11', 'Sin comentarios', 1);

INSERT INTO ESTADO_PROCESO (ID, ESTADO, FECHA_CAMBIO, COMENTARIO_DESCRIPCION, ID_CIUDADANO)
VALUES (12, 8, DATE '2021-04-11', 'Sin comentarios', 2);

INSERT INTO ESTADO_PROCESO (ID, ESTADO, FECHA_CAMBIO, COMENTARIO_DESCRIPCION, ID_CIUDADANO)
VALUES (13, 8, DATE '2021-04-11', 'Sin comentarios', 3);

INSERT INTO ESTADO_PROCESO (ID, ESTADO, FECHA_CAMBIO, COMENTARIO_DESCRIPCION, ID_CIUDADANO)
VALUES (14, 8, DATE '2021-04-11', 'Sin comentarios', 4);

INSERT INTO ESTADO_PROCESO (ID, ESTADO, FECHA_CAMBIO, COMENTARIO_DESCRIPCION, ID_CIUDADANO)
VALUES (15, 8, DATE '2021-04-11', 'Sin comentarios', 5);

INSERT INTO ESTADO_PROCESO (ID, ESTADO, FECHA_CAMBIO, COMENTARIO_DESCRIPCION, ID_CIUDADANO)
VALUES (16, 8, DATE '2021-04-11', 'Sin comentarios', 6);

INSERT INTO ESTADO_PROCESO (ID, ESTADO, FECHA_CAMBIO, COMENTARIO_DESCRIPCION, ID_CIUDADANO)
VALUES (17, 8, DATE '2021-04-11', 'Sin comentarios', 7);

INSERT INTO ESTADO_PROCESO (ID, ESTADO, FECHA_CAMBIO, COMENTARIO_DESCRIPCION, ID_CIUDADANO)
VALUES (18, 8, DATE '2021-04-11', 'Sin comentarios', 8);

INSERT INTO ESTADO_PROCESO (ID, ESTADO, FECHA_CAMBIO, COMENTARIO_DESCRIPCION, ID_CIUDADANO)
VALUES (19, 8, DATE '2021-04-11', 'Sin comentarios', 9);

INSERT INTO ESTADO_PROCESO (ID, ESTADO, FECHA_CAMBIO, COMENTARIO_DESCRIPCION, ID_CIUDADANO)
VALUES (20, 8, DATE '2021-04-11', 'Sin comentarios', 10);

INSERT INTO ESTADO_PROCESO (ID, ESTADO, FECHA_CAMBIO, COMENTARIO_DESCRIPCION, ID_CIUDADANO)
VALUES (21, 6, DATE '2021-04-11', 'Sin comentarios', 1);

INSERT INTO ESTADO_PROCESO (ID, ESTADO, FECHA_CAMBIO, COMENTARIO_DESCRIPCION, ID_CIUDADANO)
VALUES (22, 6, DATE '2021-04-11', 'Sin comentarios', 2);

INSERT INTO ESTADO_PROCESO (ID, ESTADO, FECHA_CAMBIO, COMENTARIO_DESCRIPCION, ID_CIUDADANO)
VALUES (23, 6, DATE '2021-04-11', 'Sin comentarios', 3);

INSERT INTO ESTADO_PROCESO (ID, ESTADO, FECHA_CAMBIO, COMENTARIO_DESCRIPCION, ID_CIUDADANO)
VALUES (24, 6, DATE '2021-04-11', 'Sin comentarios', 4);

INSERT INTO ESTADO_PROCESO (ID, ESTADO, FECHA_CAMBIO, COMENTARIO_DESCRIPCION, ID_CIUDADANO)
VALUES (25, 6, DATE '2021-04-11', 'Sin comentarios', 5);

INSERT INTO ESTADO_PROCESO (ID, ESTADO, FECHA_CAMBIO, COMENTARIO_DESCRIPCION, ID_CIUDADANO)
VALUES (26, 6, DATE '2021-04-11', 'Sin comentarios', 6);

INSERT INTO ESTADO_PROCESO (ID, ESTADO, FECHA_CAMBIO, COMENTARIO_DESCRIPCION, ID_CIUDADANO)
VALUES (27, 6, DATE '2021-04-11', 'Sin comentarios', 7);

INSERT INTO ESTADO_PROCESO (ID, ESTADO, FECHA_CAMBIO, COMENTARIO_DESCRIPCION, ID_CIUDADANO)
VALUES (28, 6, DATE '2021-04-11', 'Sin comentarios', 8);

INSERT INTO ESTADO_PROCESO (ID, ESTADO, FECHA_CAMBIO, COMENTARIO_DESCRIPCION, ID_CIUDADANO)
VALUES (29, 6, DATE '2021-04-11', 'Sin comentarios', 9);

INSERT INTO ESTADO_PROCESO (ID, ESTADO, FECHA_CAMBIO, COMENTARIO_DESCRIPCION, ID_CIUDADANO)
VALUES (30, 6, DATE '2021-04-11', 'Sin comentarios', 10);
COMMIT;

