--@Etapa
--RF1 REGISTRAR LAS CONDICIONES DE PRIORIZACIÓN PARA LA VACUNACIÓN
INSERT INTO ETAPA (ID,FASE,DESCRIPCION,EDAD_MINIMA,EDAD_MAXIMA,IDVACUNACION)
VALUES (1, 1, 'Ciudadanos de 80 años y más. Profesionales de la salud, Fuerzas Militares,
    Policía Nacional que trabajen en salud y en contacto con pacientes con COVID-19',80,120,1);
    
INSERT INTO ETAPA (ID,FASE,DESCRIPCION,EDAD_MINIMA,EDAD_MAXIMA,IDVACUNACION)
VALUES (2, 1,'Ciudadanos entre 60 y 79 años. Profesionales de salud no incluidos en la etapa 1.',60,79,1);

INSERT INTO ETAPA (ID,FASE,DESCRIPCION,EDAD_MINIMA,EDAD_MAXIMA,IDVACUNACION)
VALUES (3, 1,'Ciudadanos entre 16 y 59 años con enfermedades crónicas. Docentes y profesionales que trabajen con cadáveres',16,59,1);

INSERT INTO ETAPA (ID,FASE,DESCRIPCION,EDAD_MINIMA,EDAD_MAXIMA,IDVACUNACION)
VALUES (4, 2,'Ciudadanos entre 16 y 59 años. Población carcelaria, bomberos, socorristas y profesionales de tránsito aéreo',16,59,1);

INSERT INTO ETAPA (ID,FASE,DESCRIPCION,EDAD_MINIMA,EDAD_MAXIMA,IDVACUNACION)
VALUES (5, 2,' Ciudadanos entre 16 y 59 años que no estén incluídos en las otras etapas',16,59,1);

--@Profesion
INSERT INTO PROFESION (ID,DESCRIPCION,IDETAPA)
VALUES (1,'Profesional en salud (contacto con COVID-19)',1);

INSERT INTO PROFESION (ID,DESCRIPCION,IDETAPA)
VALUES (2,'Fuerzas militares y policia',1);

INSERT INTO PROFESION (ID,DESCRIPCION,IDETAPA)
VALUES (3,'Profesional en salud (sin contacto con COVID-19)',2);

INSERT INTO PROFESION (ID,DESCRIPCION,IDETAPA)
VALUES (4,'Docentes',3);

INSERT INTO PROFESION (ID,DESCRIPCION,IDETAPA)
VALUES (5,'Personal que trabaja con cadaveres',3);

INSERT INTO PROFESION (ID,DESCRIPCION,IDETAPA)
VALUES (6,'Población carcelaria',4);

INSERT INTO PROFESION (ID,DESCRIPCION,IDETAPA)
VALUES (7,'Bomberos y socorristas',4);

INSERT INTO PROFESION (ID,DESCRIPCION,IDETAPA)
VALUES (8,'Profesionales tránsito aéreo',4);

INSERT INTO PROFESION (ID,DESCRIPCION,IDETAPA)
VALUES (9,'Otros',5);

--@Estado salud
INSERT INTO ESTADO_DE_SALUD (ID,DESCRIPCION,IDETAPA)
VALUES (1,'Enfermedades hipertensivas',3);

INSERT INTO ESTADO_DE_SALUD (ID,DESCRIPCION,IDETAPA)
VALUES (2,'Diabetes',3);

INSERT INTO ESTADO_DE_SALUD (ID,DESCRIPCION,IDETAPA)
VALUES (3,'Insuficiencia renal',3);

INSERT INTO ESTADO_DE_SALUD (ID,DESCRIPCION,IDETAPA)
VALUES (4,'VIH',3);

INSERT INTO ESTADO_DE_SALUD (ID,DESCRIPCION,IDETAPA)
VALUES (5,'Cancer',3);

INSERT INTO ESTADO_DE_SALUD (ID,DESCRIPCION,IDETAPA)
VALUES (6,'Tuberculosis',3);

INSERT INTO ESTADO_DE_SALUD (ID,DESCRIPCION,IDETAPA)
VALUES (7,'EPOC',3);

INSERT INTO ESTADO_DE_SALUD (ID,DESCRIPCION,IDETAPA)
VALUES (8,'Asma',3);

INSERT INTO ESTADO_DE_SALUD (ID,DESCRIPCION,IDETAPA)
VALUES (9,'Obesidad',3);

INSERT INTO ESTADO_DE_SALUD (ID,DESCRIPCION,IDETAPA)
VALUES (10,'Pacientes en espera de transplantes',3);

INSERT INTO ESTADO_DE_SALUD (ID,DESCRIPCION,IDETAPA)
VALUES (11,'Otros/Sin comorbilidad',5);

COMMIT;